ns,deltas_pr,std_pr
100000,1.3347817008820273,0.08931580855931022
150000,1.2860294004247963,0.0951150590473454
