ns,t0,t1,std_t0,std_t1
200000,0.454197,0.692342,0.008259187974613483,0.0006932214653341239
300000,0.47135266666666664,0.6926166666666667,0.007962613027280812,0.0011053988722025641
